"",""
"Thumbnail ('default' 150x150)","Thumbnail ('default' 150x150)",
"Low Resolution (306x306)","Low Resolution (306x306)"
"Standard Resolution (612x612)","Standard Resolution (612x612)"
"None ('default')","None ('default')"
"Most Recent","Most Recent"
"Least Recent","Least Recent"
"Most Liked","Most Liked"
"Least Liked","Least Liked"
"Most Commented","Most Commented"
"Least Commented","Least Commented"
"Random","Random"
"Popular ('default')","Popular ('default')"
"Tagged","Tagged",
"Location","Location"
"User","User"

